"desc","date","ipd","pop"
"All",2005-01-01,4886,46989758.74
"All",2006-01-01,4733,47566710.64
"All",2007-01-01,4743,48297266.65
"All",2008-01-01,4835,49070102.15
"All",2009-01-01,4762,49860265.55
"All",2010-01-01,4197,50648751.4
"All",2011-01-01,3804,51462558.01
"All",2012-01-01,3223,52248123.46
"All",2013-01-01,2866,53051645.99
"All",2014-01-01,2732,53864694.92
"All",2015-01-01,2638,54674393.04
"All",2016-01-01,2433,55475611.16
"All",2017-01-01,2440,56205557.73
"All",2018-01-01,2313,56934663.9
"All",2019-01-01,2352,57686890.92
"PCV7",2005-01-01,1953.59660180871,46989758.74
"PCV13add",2005-01-01,1707.22115648123,46989758.74
"nonPCV",2005-01-01,1225.18224171006,46989758.74
"PCV7",2006-01-01,1934.71754385965,47566710.64
"PCV13add",2006-01-01,1595.65760233918,47566710.64
"nonPCV",2006-01-01,1202.62485380117,47566710.64
"PCV7",2007-01-01,2067.31541003304,48297266.65
"PCV13add",2007-01-01,1528.75908681286,48297266.65
"nonPCV",2007-01-01,1146.9255031541,48297266.65
"PCV7",2008-01-01,2096.23271196633,49070102.15
"PCV13add",2008-01-01,1588.89206253758,49070102.15
"nonPCV",2008-01-01,1149.87522549609,49070102.15
"PCV7",2009-01-01,1846.34641487164,49860265.55
"PCV13add",2009-01-01,1776.08970197698,49860265.55
"nonPCV",2009-01-01,1139.56388315137,49860265.55
"PCV7",2010-01-01,1452.07727114514,50648751.4
"PCV13add",2010-01-01,1592.31813435433,50648751.4
"nonPCV",2010-01-01,1152.60459450052,50648751.4
"PCV7",2011-01-01,953.763387297634,51462558.01
"PCV13add",2011-01-01,1615.39726027397,51462558.01
"nonPCV",2011-01-01,1234.83935242839,51462558.01
"PCV7",2012-01-01,706.94215640907,52248123.46
"PCV13add",2012-01-01,1175.25404905137,52248123.46
"nonPCV",2012-01-01,1340.80379453956,52248123.46
"PCV7",2013-01-01,474.45421624418,53051645.99
"PCV13add",2013-01-01,796.193481634765,53051645.99
"nonPCV",2013-01-01,1595.35230212106,53051645.99
"PCV7",2014-01-01,478.723744292237,53864694.92
"PCV13add",2014-01-01,636.219178082192,53864694.92
"nonPCV",2014-01-01,1617.05707762557,53864694.92
"PCV7",2015-01-01,328.780717225162,54674393.04
"PCV13add",2015-01-01,502.47619047619,54674393.04
"nonPCV",2015-01-01,1806.74309229865,54674393.04
"PCV7",2016-01-01,329.950570342205,55475611.16
"PCV13add",2016-01-01,490.300380228137,55475611.16
"nonPCV",2016-01-01,1612.74904942966,55475611.16
"PCV7",2017-01-01,286.123778501629,56205557.73
"PCV13add",2017-01-01,475.28338762215,56205557.73
"nonPCV",2017-01-01,1678.59283387622,56205557.73
"PCV7",2018-01-01,353.182634730539,56934663.9
"PCV13add",2018-01-01,446.672155688623,56934663.9
"nonPCV",2018-01-01,1513.14520958084,56934663.9
"PCV7",2019-01-01,293.787725631769,57686890.92
"PCV13add",2019-01-01,380.395667870036,57686890.92
"nonPCV",2019-01-01,1677.8166064982,57686890.92
"<10w",2005-01-01,166.782739373122,265926.8504
"<10w",2006-01-01,151.086677011749,273276.8791
"<10w",2007-01-01,161.205473405429,281007.23
"<10w",2008-01-01,164.022255834054,287840.6376
"<10w",2009-01-01,159.38882851554,288652.3624
"<10w",2010-01-01,128.310650887574,284324.1751
"<10w",2011-01-01,130.477412158394,285504.0841
"<10w",2012-01-01,128.92,288603.8106
"<10w",2013-01-01,126.070381231672,290914.0653
"<10w",2014-01-01,84.0779119594858,292369.1009
"<10w",2015-01-01,89.3155985489722,291663.5831
"<10w",2016-01-01,90.5255016722408,289803.4437
"<10w",2017-01-01,95.3283458021613,281969.9204
"<10w",2018-01-01,106.941875825627,282661.5301
"<10w",2019-01-01,91.4779602420052,283056.2661
"<2y",2005-01-01,1237.75869471876,2002335
"2-4y",2005-01-01,392.306569343066,2705027
"5-14y",2005-01-01,477.271361099184,9388165
"15-24y",2005-01-01,270.628595963933,9981127
"25-44y",2005-01-01,1815.72906826964,13771928
"45-64y",2005-01-01,570.627737226277,6714667.4
">=65y",2005-01-01,121.677973379133,2426509.34
"<2y",2006-01-01,1147.83906007537,2099211
"2-4y",2006-01-01,355.683218798493,2739084
"5-14y",2006-01-01,464.801374418089,9281562
"15-24y",2006-01-01,314.763910441144,10064765
"25-44y",2006-01-01,1733.2999334959,13964827
"45-64y",2006-01-01,581.264021281312,6929241.2
">=65y",2006-01-01,135.348481489692,2488020.44
"<2y",2007-01-01,1168.21628779519,2162799
"2-4y",2007-01-01,367.422864709777,2840551
"5-14y",2007-01-01,420.809092915471,9196501
"15-24y",2007-01-01,282.632972853675,10174014
"25-44y",2007-01-01,1794.19598322666,14249783
"45-64y",2007-01-01,570.499889649084,7135838.7
">=65y",2007-01-01,139.222908850143,2537779.95
"<2y",2008-01-01,1230.68928262748,2222582
"2-4y",2008-01-01,300.881590319793,2973140
"5-14y",2008-01-01,412.667458945549,9123490
"15-24y",2008-01-01,269.539757994814,10232953
"25-44y",2008-01-01,1830.36300777874,14581157
"45-64y",2008-01-01,645.641745894555,7354318.6
">=65y",2008-01-01,145.217156439067,2582461.55
"<2y",2009-01-01,1056.72723321017,2255370
"2-4y",2009-01-01,326.022603781787,3109665
"5-14y",2009-01-01,462.64159965225,9090041
"15-24y",2009-01-01,301.182786350793,10249792
"25-44y",2009-01-01,1798.8167789611,14950399
"45-64y",2009-01-01,653.080199956531,7578400.4
">=65y",2009-01-01,163.528798087372,2626598.15
"<2y",2010-01-01,682.943786982249,2246071
"2-4y",2010-01-01,258.690828402367,3207236
"5-14y",2010-01-01,367.340976331361,9134777
"15-24y",2010-01-01,271.10798816568,10238565
"25-44y",2010-01-01,1729.08949704142,15346747
"45-64y",2010-01-01,717.090976331361,7800671.5
">=65y",2010-01-01,170.735946745562,2674683.9
"<2y",2011-01-01,497.511433351924,2238040
"2-4y",2011-01-01,239.738984941439,3281364
"5-14y",2011-01-01,334.14947016174,9222514
"15-24y",2011-01-01,248.225320691578,10190572
"25-44y",2011-01-01,1608.16062465142,15782229
"45-64y",2011-01-01,724.520914668154,8017997
">=65y",2011-01-01,151.693251533742,2729842.01
"<2y",2012-01-01,403.010420168067,2255571
"2-4y",2012-01-01,151.670588235294,3308441
"5-14y",2012-01-01,299.007731092437,9327305
"15-24y",2012-01-01,219.922352941176,10118283
"25-44y",2012-01-01,1368.28537815126,16204608
"45-64y",2012-01-01,609.93243697479,8238264
">=65y",2012-01-01,171.171092436975,2795651.46
"<2y",2013-01-01,417.08284457478,2277481
"2-4y",2013-01-01,106.109237536657,3310727
"5-14y",2013-01-01,200.662023460411,9503899
"15-24y",2013-01-01,183.852639296188,10010505
"25-44y",2013-01-01,1235.48973607038,16628619
"45-64y",2013-01-01,558.912023460411,8451730
">=65y",2013-01-01,163.891495601173,2868684.99
"<2y",2014-01-01,391.654070899883,2292738
"2-4y",2014-01-01,103.23490455785,3317012
"5-14y",2014-01-01,173.47721075185,9710604
"15-24y",2014-01-01,173.47721075185,9889101
"25-44y",2014-01-01,1164.31943903389,17045026
"45-64y",2014-01-01,552.359953252824,8661919
">=65y",2014-01-01,173.47721075185,2948294.92
"<2y",2015-01-01,334.933494558646,2296151
"2-4y",2015-01-01,71.2398226521564,3345369
"5-14y",2015-01-01,140.353083434099,9900842
"15-24y",2015-01-01,159.492140266022,9779346
"25-44y",2015-01-01,1144.09028617493,17444514
"45-64y",2015-01-01,596.500604594921,8874819
">=65y",2015-01-01,191.390568319226,3033352.04
"<2y",2016-01-01,318.364966555184,2286605
"2-4y",2016-01-01,88.491220735786,3374319
"5-14y",2016-01-01,152.571070234114,10109334
"15-24y",2016-01-01,160.708193979933,9668406
"25-44y",2016-01-01,979.50627090301,17818443
"45-64y",2016-01-01,554.341555183947,9095411
">=65y",2016-01-01,179.016722408027,3123093.16
"<2y",2017-01-01,309.310058187864,2248757
"2-4y",2017-01-01,83.1587697423109,3389640
"5-14y",2017-01-01,110.540315876974,10324499
"15-24y",2017-01-01,144.006650041563,9555571
"25-44y",2017-01-01,978.636741479634,18147925
"45-64y",2017-01-01,617.605985037407,9322198
">=65y",2017-01-01,196.741479634248,3216967.73
"<2y",2018-01-01,324.899603698811,2221079
"2-4y",2018-01-01,68.2391017173051,3388033
"5-14y",2018-01-01,115.089828269485,10548528
"15-24y",2018-01-01,137.496697490092,9458476
"25-44y",2018-01-01,946.180977542933,18444749
"45-64y",2018-01-01,519.431968295905,9558353
">=65y",2018-01-01,201.661822985469,3315445.9
"<2y",2019-01-01,295.778738115817,2225505
"2-4y",2019-01-01,71.1495246326707,3348426
"5-14y",2019-01-01,116.888504753673,10751526
"15-24y",2019-01-01,115.872082973207,9416165
"25-44y",2019-01-01,973.732065687122,18721960
"45-64y",2019-01-01,576.311149524633,9804251
">=65y",2019-01-01,202.267934312878,3419057.92
"<10w_PCV13add",2005-01-01,67.2511045859361,265926.8504
"<10w_PCV7",2005-01-01,60.5259941273425,265926.8504
"<10w_nonPCV",2005-01-01,39.0056406598429,265926.8504
"<10w_PCV13add",2006-01-01,34.9737678267938,273276.8791
"<10w_PCV7",2006-01-01,71.3464863666593,273276.8791
"<10w_nonPCV",2006-01-01,44.766422818296,273276.8791
"<10w_PCV13add",2007-01-01,33.6582856560786,281007.23
"<10w_PCV7",2007-01-01,67.3165713121573,281007.23
"<10w_nonPCV",2007-01-01,60.2306164371934,281007.23
"<10w_PCV13add",2008-01-01,45.4715164688465,287840.6376
"<10w_PCV7",2008-01-01,71.4552401653303,287840.6376
"<10w_nonPCV",2008-01-01,47.0954991998768,287840.6376
"<10w_PCV13add",2009-01-01,53.5997830406241,288652.3624
"<10w_PCV7",2009-01-01,57.8313448596207,288652.3624
"<10w_nonPCV",2009-01-01,47.9577006152953,288652.3624
"<10w_PCV13add",2010-01-01,37.2996078161552,284324.1751
"<10w_PCV7",2010-01-01,43.2675450667401,284324.1751
"<10w_nonPCV",2010-01-01,47.7434980046787,284324.1751
"<10w_PCV13add",2011-01-01,38.4741087133725,285504.0841
"<10w_PCV7",2011-01-01,33.4557467072804,285504.0841
"<10w_nonPCV",2011-01-01,58.5475567377408,285504.0841
"<10w_PCV13add",2012-01-01,47.3970588235294,288603.8106
"<10w_PCV7",2012-01-01,17.0629411764706,288603.8106
"<10w_nonPCV",2012-01-01,64.46,288603.8106
"<10w_PCV13add",2013-01-01,17.5097751710655,290914.0653
"<10w_PCV7",2013-01-01,17.5097751710655,290914.0653
"<10w_nonPCV",2013-01-01,91.0508308895406,290914.0653
"<10w_PCV13add",2014-01-01,16.8155823918972,292369.1009
"<10w_PCV7",2014-01-01,18.9175301908843,292369.1009
"<10w_nonPCV",2014-01-01,48.3447993767043,292369.1009
"<10w_PCV13add",2015-01-01,18.8032839050468,291663.5831
"<10w_PCV7",2015-01-01,7.05123146439254,291663.5831
"<10w_nonPCV",2015-01-01,63.4610831795329,291663.5831
"<10w_PCV13add",2016-01-01,11.6058335477232,289803.4437
"<10w_PCV7",2016-01-01,11.6058335477232,289803.4437
"<10w_nonPCV",2016-01-01,67.3138345767944,289803.4437
"<10w_PCV13add",2017-01-01,12.882208892184,281969.9204
"<10w_PCV7",2017-01-01,2.57644177843679,281969.9204
"<10w_nonPCV",2017-01-01,79.8696951315405,281969.9204
"<10w_PCV13add",2018-01-01,16.8855593408885,282661.5301
"<10w_PCV7",2018-01-01,11.2570395605924,282661.5301
"<10w_nonPCV",2018-01-01,78.7992769241466,282661.5301
"<10w_PCV13add",2019-01-01,10.1642178046672,283056.2661
"<10w_PCV7",2019-01-01,10.1642178046672,283056.2661
"<10w_nonPCV",2019-01-01,71.1495246326707,283056.2661
"15-24y_PCV13add",2005-01-01,107.947361311456,9981127
"15-24y_PCV7",2005-01-01,86.6619661232819,9981127
"15-24y_nonPCV",2005-01-01,76.0192685291947,9981127
"2-4y_PCV13add",2005-01-01,131.629177871687,2705027
"2-4y_PCV7",2005-01-01,220.672445255474,2705027
"2-4y_nonPCV",2005-01-01,40.0049462159047,2705027
"25-44y_PCV13add",2005-01-01,667.29475221897,13771928
"25-44y_PCV7",2005-01-01,521.234527484346,13771928
"25-44y_nonPCV",2005-01-01,627.199788566328,13771928
"45-64y_PCV13add",2005-01-01,225.39795620438,6714667.4
"45-64y_PCV7",2005-01-01,169.761751824818,6714667.4
"45-64y_nonPCV",2005-01-01,175.46802919708,6714667.4
"5-14y_PCV13add",2005-01-01,209.892447318129,9388165
"5-14y_PCV7",2005-01-01,196.523501629076,9388165
"5-14y_nonPCV",2005-01-01,70.8554121519797,9388165
"<2y_PCV13add",2005-01-01,339.67033334763,2002335
"<2y_PCV7",2005-01-01,695.644842695946,2002335
"<2y_nonPCV",2005-01-01,202.443518675187,2002335
">=65y_PCV13add",2005-01-01,36.2445027086778,2426509.34
">=65y_PCV7",2005-01-01,44.0111818605374,2426509.34
">=65y_nonPCV",2005-01-01,41.4222888099175,2426509.34
"15-24y_PCV13add",2006-01-01,129.69438902436,10064765
"15-24y_PCV7",2006-01-01,84.5199389147516,10064765
"15-24y_nonPCV",2006-01-01,100.549582502032,10064765
"2-4y_PCV13add",2006-01-01,106.007547563472,2739084
"2-4y_PCV7",2006-01-01,210.620258974794,2739084
"2-4y_nonPCV",2006-01-01,39.0554122602266,2739084
"25-44y_PCV13add",2006-01-01,665.172367640734,13964827
"25-44y_PCV7",2006-01-01,490.360921356532,13964827
"25-44y_nonPCV",2006-01-01,577.766644498633,13964827
"45-64y_PCV13add",2006-01-01,219.896177363036,6929241.2
"45-64y_PCV7",2006-01-01,173.76411218198,6929241.2
"45-64y_nonPCV",2006-01-01,187.603731736297,6929241.2
"5-14y_PCV13add",2006-01-01,183.14561618862,9281562
"5-14y_PCV7",2006-01-01,210.894951974775,9281562
"5-14y_nonPCV",2006-01-01,70.7608062546942,9281562
"<2y_PCV13add",2006-01-01,270.651289860577,2099211
"<2y_PCV7",2006-01-01,688.425844978699,2099211
"<2y_nonPCV",2006-01-01,188.761925236095,2099211
">=65y_PCV13add",2006-01-01,44.1954225272463,2488020.44
">=65y_PCV7",2006-01-01,41.4332086192934,2488020.44
">=65y_nonPCV",2006-01-01,49.7198503431521,2488020.44
"15-24y_PCV13add",2007-01-01,98.1161097471306,10174014
"15-24y_PCV7",2007-01-01,103.973787940989,10174014
"15-24y_nonPCV",2007-01-01,80.543075165555,10174014
"2-4y_PCV13add",2007-01-01,118.911399851528,2840551
"2-4y_PCV7",2007-01-01,215.10938624827,2840551
"2-4y_nonPCV",2007-01-01,33.4020786099797,2840551
"25-44y_PCV13add",2007-01-01,629.844060313889,14249783
"25-44y_PCV7",2007-01-01,611.089398468314,14249783
"25-44y_nonPCV",2007-01-01,553.262524444458,14249783
"45-64y_PCV13add",2007-01-01,182.30850468125,7135838.7
"45-64y_PCV7",2007-01-01,193.309879963739,7135838.7
"45-64y_nonPCV",2007-01-01,194.881505004095,7135838.7
"5-14y_PCV13add",2007-01-01,149.802589711009,9196501
"5-14y_PCV7",2007-01-01,197.467050073603,9196501
"5-14y_nonPCV",2007-01-01,73.539453130859,9196501
"<2y_PCV13add",2007-01-01,287.006223791657,2162799
"<2y_PCV7",2007-01-01,685.065107040389,2162799
"<2y_nonPCV",2007-01-01,196.144956963143,2162799
">=65y_PCV13add",2007-01-01,58.0095453542264,2537779.95
">=65y_PCV7",2007-01-01,49.3081135510925,2537779.95
">=65y_nonPCV",2007-01-01,31.9052499448245,2537779.95
"15-24y_PCV13add",2008-01-01,115.753270304521,10232953
"15-24y_PCV7",2008-01-01,77.7200529187501,10232953
"15-24y_nonPCV",2008-01-01,76.0664347715426,10232953
"2-4y_PCV13add",2008-01-01,102.604781952372,2973140
"2-4y_PCV7",2008-01-01,171.932337325596,2973140
"2-4y_nonPCV",2008-01-01,26.3444710418252,2973140
"25-44y_PCV13add",2008-01-01,617.140093773185,14581157
"25-44y_PCV7",2008-01-01,628.478625679779,14581157
"25-44y_nonPCV",2008-01-01,584.744288325774,14581157
"45-64y_PCV13add",2008-01-01,231.395412689026,7354318.6
"45-64y_PCV7",2008-01-01,233.01356242811,7354318.6
"45-64y_nonPCV",2008-01-01,181.232770777419,7354318.6
"5-14y_PCV13add",2008-01-01,183.890411530122,9123490
"5-14y_PCV7",2008-01-01,170.85880756342,9123490
"5-14y_nonPCV",2008-01-01,57.9182398520069,9123490
"<2y_PCV13add",2008-01-01,311.160668963638,2222582
"<2y_PCV7",2008-01-01,728.367126453001,2222582
"<2y_nonPCV",2008-01-01,191.161487210845,2222582
">=65y_PCV13add",2008-01-01,41.2872307522836,2582461.55
">=65y_PCV7",2008-01-01,48.4057188130222,2582461.55
">=65y_nonPCV",2008-01-01,55.5242068737607,2582461.55
"15-24y_PCV13add",2009-01-01,123.484942403825,10249792
"15-24y_PCV7",2009-01-01,96.3784916322539,10249792
"15-24y_nonPCV",2009-01-01,81.3193523147142,10249792
"2-4y_PCV13add",2009-01-01,125.289678312835,3109665
"2-4y_PCV7",2009-01-01,177.830511153702,3109665
"2-4y_nonPCV",2009-01-01,22.9024143152495,3109665
"25-44y_PCV13add",2009-01-01,720.131864411675,14950399
"25-44y_PCV7",2009-01-01,556.740601057766,14950399
"25-44y_nonPCV",2009-01-01,521.944313491655,14950399
"45-64y_PCV13add",2009-01-01,228.359891744266,7578400.4
"45-64y_PCV7",2009-01-01,199.269459674933,7578400.4
"45-64y_nonPCV",2009-01-01,225.450848537333,7578400.4
"5-14y_PCV13add",2009-01-01,206.255078482737,9090041
"5-14y_PCV7",2009-01-01,189.067155275842,9090041
"5-14y_nonPCV",2009-01-01,67.319365893671,9090041
"<2y_PCV13add",2009-01-01,298.580481258603,2255370
"<2y_PCV7",2009-01-01,573.769864907085,2255370
"<2y_nonPCV",2009-01-01,184.376887044483,2255370
">=65y_PCV13add",2009-01-01,80.3299359025688,2626598.15
">=65y_PCV7",2009-01-01,43.033894233519,2626598.15
">=65y_nonPCV",2009-01-01,40.1649679512844,2626598.15
"15-24y_PCV13add",2010-01-01,116.60558630782,10238565
"15-24y_PCV7",2010-01-01,64.1330724693008,10238565
"15-24y_nonPCV",2010-01-01,90.3693293885601,10238565
"2-4y_PCV13add",2010-01-01,95.6031322356573,3207236
"2-4y_PCV7",2010-01-01,141.998769938256,3207236
"2-4y_nonPCV",2010-01-01,21.0889262284538,3207236
"25-44y_PCV13add",2010-01-01,673.036659285949,15346747
"25-44y_PCV7",2010-01-01,493.350057040989,15346747
"25-44y_nonPCV",2010-01-01,562.702780714482,15346747
"45-64y_PCV13add",2010-01-01,282.035781485975,7800671.5
"45-64y_PCV7",2010-01-01,210.026645787428,7800671.5
"45-64y_nonPCV",2010-01-01,225.028549057958,7800671.5
"5-14y_PCV13add",2010-01-01,155.132045781372,9134777
"5-14y_PCV7",2010-01-01,155.132045781372,9134777
"5-14y_nonPCV",2010-01-01,57.0768847686178,9134777
"<2y_PCV13add",2010-01-01,205.176245016126,2246071
"<2y_PCV7",2010-01-01,323.885358204028,2246071
"<2y_nonPCV",2010-01-01,153.882183762095,2246071
">=65y_PCV13add",2010-01-01,65.7753237462412,2674683.9
">=65y_PCV7",2010-01-01,54.5795239596469,2674683.9
">=65y_nonPCV",2010-01-01,50.3810990396741,2674683.9
"15-24y_PCV13add",2011-01-01,113.320255098329,10190572
"15-24y_PCV7",2011-01-01,53.9620262372996,10190572
"15-24y_nonPCV",2011-01-01,80.9430393559495,10190572
"2-4y_PCV13add",2011-01-01,100.144132950221,3281364
"2-4y_PCV7",2011-01-01,89.5227855161069,3281364
"2-4y_nonPCV",2011-01-01,50.0720664751107,3281364
"25-44y_PCV13add",2011-01-01,667.354105371542,15782229
"25-44y_PCV7",2011-01-01,390.646305583341,15782229
"25-44y_nonPCV",2011-01-01,550.160213696539,15782229
"45-64y_PCV13add",2011-01-01,320.768070150438,8017997
"45-64y_PCV7",2011-01-01,145.223355142736,8017997
"45-64y_nonPCV",2011-01-01,258.52948937498,8017997
"5-14y_PCV13add",2011-01-01,166.209062878379,9222514
"5-14y_PCV7",2011-01-01,91.7612534641048,9222514
"5-14y_nonPCV",2011-01-01,76.1791538192568,9222514
"<2y_PCV13add",2011-01-01,188.599105453671,2238040
"<2y_PCV7",2011-01-01,144.701037804971,2238040
"<2y_nonPCV",2011-01-01,164.211290093282,2238040
">=65y_PCV13add",2011-01-01,62.3785333409782,2729842.01
">=65y_PCV7",2011-01-01,34.0246545496245,2729842.01
">=65y_nonPCV",2011-01-01,55.2900636431397,2729842.01
"15-24y_PCV13add",2012-01-01,76.565559912854,10118283
"15-24y_PCV7",2012-01-01,52.12974291939,10118283
"15-24y_nonPCV",2012-01-01,91.2270501089325,10118283
"2-4y_PCV13add",2012-01-01,66.0047930283224,3308441
"2-4y_PCV7",2012-01-01,43.5350762527233,3308441
"2-4y_nonPCV",2012-01-01,42.1307189542484,3308441
"25-44y_PCV13add",2012-01-01,487.227899159664,16204608
"25-44y_PCV7",2012-01-01,278.638319327731,16204608
"25-44y_nonPCV",2012-01-01,602.419159663866,16204608
"45-64y_PCV13add",2012-01-01,227.258480122818,8238264
"45-64y_PCV7",2012-01-01,142.219823044602,8238264
"45-64y_nonPCV",2012-01-01,240.454133807369,8238264
"5-14y_PCV13add",2012-01-01,148.649557743097,9327305
"5-14y_PCV7",2012-01-01,68.3446242496999,9327305
"5-14y_nonPCV",2012-01-01,82.0135490996399,9327305
"<2y_PCV13add",2012-01-01,99.1275630252101,2255571
"<2y_PCV7",2012-01-01,81.2521008403361,2255571
"<2y_nonPCV",2012-01-01,222.630756302521,2255571
">=65y_PCV13add",2012-01-01,72.3050304259635,2795651.46
">=65y_PCV7",2012-01-01,32.4634830483918,2795651.46
">=65y_nonPCV",2012-01-01,66.4025789626195,2795651.46
"15-24y_PCV13add",2013-01-01,45.9631598240469,10010505
"15-24y_PCV7",2013-01-01,35.749124307592,10010505
"15-24y_nonPCV",2013-01-01,102.140355164549,10010505
"2-4y_PCV13add",2013-01-01,32.1543144050475,3310727
"2-4y_PCV7",2013-01-01,19.2925886430285,3310727
"2-4y_nonPCV",2013-01-01,54.6623344885808,3310727
"25-44y_PCV13add",2013-01-01,371.832042870103,16628619
"25-44y_PCV7",2013-01-01,197.026540644317,16628619
"25-44y_nonPCV",2013-01-01,666.631152555961,16628619
"45-64y_PCV13add",2013-01-01,156.079155487615,8451730
"45-64y_PCV7",2013-01-01,83.2422162600611,8451730
"45-64y_nonPCV",2013-01-01,319.590651712735,8451730
"5-14y_PCV13add",2013-01-01,75.7215182869474,9503899
"5-14y_PCV7",2013-01-01,45.4329109721684,9503899
"5-14y_nonPCV",2013-01-01,79.5075942012948,9503899
"<2y_PCV13add",2013-01-01,55.393815295088,2277481
"<2y_PCV7",2013-01-01,66.7984243264296,2277481
"<2y_nonPCV",2013-01-01,294.890604953262,2277481
">=65y_PCV13add",2013-01-01,55.4908213452791,2868684.99
">=65y_PCV7",2013-01-01,29.6811369986376,2868684.99
">=65y_nonPCV",2013-01-01,78.7195372572563,2868684.99
"15-24y_PCV13add",2014-01-01,41.0376197477496,9889101
"15-24y_PCV7",2014-01-01,35.4415806912383,9889101
"15-24y_nonPCV",2014-01-01,96.9980103128626,9889101
"2-4y_PCV13add",2014-01-01,20.0734536640263,3317012
"2-4y_PCV7",2014-01-01,20.0734536640263,3317012
"2-4y_nonPCV",2014-01-01,63.087997229797,3317012
"25-44y_PCV13add",2014-01-01,308.10681534323,17045026
"25-44y_PCV7",2014-01-01,197.837007746706,17045026
"25-44y_nonPCV",2014-01-01,658.375615943955,17045026
"45-64y_PCV13add",2014-01-01,129.967047824194,8661919
"45-64y_PCV7",2014-01-01,109.290472033981,8661919
"45-64y_nonPCV",2014-01-01,313.102433394649,8661919
"5-14y_PCV13add",2014-01-01,49.064261626786,9710604
"5-14y_PCV7",2014-01-01,42.055081394388,9710604
"5-14y_nonPCV",2014-01-01,82.3578677306764,9710604
"<2y_PCV13add",2014-01-01,39.3364350685472,2292738
"<2y_PCV7",2014-01-01,53.0186733532593,2292738
"<2y_nonPCV",2014-01-01,299.298962478077,2292738
">=65y_PCV13add",2014-01-01,45.1915422967005,2948294.92
">=65y_PCV7",2014-01-01,23.3246669918454,2948294.92
">=65y_nonPCV",2014-01-01,104.961001463304,2948294.92
"15-24y_PCV13add",2015-01-01,30.46479083733,9779346
"15-24y_PCV7",2015-01-01,21.5045582381153,9779346
"15-24y_nonPCV",2015-01-01,107.522791190576,9779346
"2-4y_PCV13add",2015-01-01,14.6132969542885,3345369
"2-4y_PCV7",2015-01-01,16.4399590735746,3345369
"2-4y_nonPCV",2015-01-01,40.1865666242933,3345369
"25-44y_PCV13add",2015-01-01,240.436463526184,17444514
"25-44y_PCV7",2015-01-01,130.707070775979,17444514
"25-44y_nonPCV",2015-01-01,772.946751872766,17444514
"45-64y_PCV13add",2015-01-01,118.734717502307,8874819
"45-64y_PCV7",2015-01-01,79.1564783348711,8874819
"45-64y_nonPCV",2015-01-01,398.609408757744,8874819
"5-14y_PCV13add",2015-01-01,31.1895740964665,9900842
"5-14y_PCV7",2015-01-01,33.1389224774956,9900842
"5-14y_nonPCV",2015-01-01,76.024586860137,9900842
"<2y_PCV13add",2015-01-01,26.4919148238477,2296151
"<2y_PCV7",2015-01-01,26.4919148238477,2296151
"<2y_nonPCV",2015-01-01,281.94966491095,2296151
">=65y_PCV13add",2015-01-01,31.6784388942167,3033352.04
">=65y_PCV7",2015-01-01,22.4388942167369,3033352.04
">=65y_nonPCV",2015-01-01,137.273235208273,3033352.04
"15-24y_PCV13add",2016-01-01,35.8862957430919,9668406
"15-24y_PCV7",2016-01-01,18.7232847355262,9668406
"15-24y_nonPCV",2016-01-01,106.098613501315,9668406
"2-4y_PCV13add",2016-01-01,10.835659681933,3374319
"2-4y_PCV7",2016-01-01,19.8653760835438,3374319
"2-4y_nonPCV",2016-01-01,57.7901849703092,3374319
"25-44y_PCV13add",2016-01-01,212.666179261034,17818443
"25-44y_PCV7",2016-01-01,136.603093247963,17818443
"25-44y_nonPCV",2016-01-01,630.236998394013,17818443
"45-64y_PCV13add",2016-01-01,111.439797176154,9095411
"45-64y_PCV7",2016-01-01,60.0060446333138,9095411
"45-64y_nonPCV",2016-01-01,382.895713374479,9095411
"5-14y_PCV13add",2016-01-01,32.5484949832776,10109334
"5-14y_PCV7",2016-01-01,40.685618729097,10109334
"5-14y_nonPCV",2016-01-01,79.3369565217391,10109334
"<2y_PCV13add",2016-01-01,31.4866450439193,2286605
"<2y_PCV7",2016-01-01,33.2359031019148,2286605
"<2y_nonPCV",2016-01-01,253.64241840935,2286605
">=65y_PCV13add",2016-01-01,47.7377926421405,3123093.16
">=65y_PCV7",2016-01-01,26.5209959123003,3123093.16
">=65y_nonPCV",2016-01-01,104.757933853586,3123093.16
"15-24y_PCV13add",2017-01-01,18.0008312551953,9555571
"15-24y_PCV7",2017-01-01,14.7279528451598,9555571
"15-24y_nonPCV",2017-01-01,111.277865941208,9555571
"2-4y_PCV13add",2017-01-01,10.3948462177889,3389640
"2-4y_PCV7",2017-01-01,13.3648022800143,3389640
"2-4y_nonPCV",2017-01-01,59.3991212445078,3389640
"25-44y_PCV13add",2017-01-01,222.842442725458,18147925
"25-44y_PCV7",2017-01-01,129.342117106385,18147925
"25-44y_nonPCV",2017-01-01,626.452181647791,18147925
"45-64y_PCV13add",2017-01-01,104.448070998973,9322198
"45-64y_PCV7",2017-01-01,74.173267810865,9322198
"45-64y_nonPCV",2017-01-01,438.984646227568,9322198
"5-14y_PCV13add",2017-01-01,21.1672945296334,10324499
"5-14y_PCV7",2017-01-01,18.8153729152297,10324499
"5-14y_nonPCV",2017-01-01,70.5576484321112,10324499
"<2y_PCV13add",2017-01-01,40.1701374269953,2248757
"<2y_PCV7",2017-01-01,14.0595480994483,2248757
"<2y_nonPCV",2017-01-01,255.08037266142,2248757
">=65y_PCV13add",2017-01-01,52.7495271483128,3216967.73
">=65y_PCV7",2017-01-01,18.5336176467045,3216967.73
">=65y_nonPCV",2017-01-01,125.45833483923,3216967.73
"15-24y_PCV13add",2018-01-01,28.6451453104359,9458476
"15-24y_PCV7",2018-01-01,21.0064398943197,9458476
"15-24y_nonPCV",2018-01-01,87.8451122853369,9458476
"2-4y_PCV13add",2018-01-01,4.26494385733157,3388033
"2-4y_PCV7",2018-01-01,19.1922473579921,3388033
"2-4y_nonPCV",2018-01-01,44.7819105019815,3388033
"25-44y_PCV13add",2018-01-01,197.807869869603,18444749
"25-44y_PCV7",2018-01-01,150.004301317782,18444749
"25-44y_nonPCV",2018-01-01,598.368806355548,18444749
"45-64y_PCV13add",2018-01-01,108.417264410672,9558353
"45-64y_PCV7",2018-01-01,77.6720700255559,9558353
"45-64y_nonPCV",2018-01-01,333.342633859677,9558353
"5-14y_PCV13add",2018-01-01,23.017965653897,10548528
"5-14y_PCV7",2018-01-01,20.4604139145751,10548528
"5-14y_nonPCV",2018-01-01,71.6114487010128,10548528
"<2y_PCV13add",2018-01-01,33.8437087186262,2221079
"<2y_PCV7",2018-01-01,45.1249449581682,2221079
"<2y_nonPCV",2018-01-01,245.930950022017,2221079
">=65y_PCV13add",2018-01-01,41.5186106146554,3315445.9
">=65y_PCV7",2018-01-01,20.7593053073277,3315445.9
">=65y_nonPCV",2018-01-01,139.383907063486,3315445.9
"15-24y_PCV13add",2019-01-01,15.8007385872554,9416165
"15-24y_PCV7",2019-01-01,21.0676514496739,9416165
"15-24y_nonPCV",2019-01-01,79.0036929362772,9416165
"2-4y_PCV13add",2019-01-01,5.92912705272256,3348426
"2-4y_PCV7",2019-01-01,8.89369057908384,3348426
"2-4y_nonPCV",2019-01-01,56.3267070008643,3348426
"25-44y_PCV13add",2019-01-01,175.033861720373,18721960
"25-44y_PCV7",2019-01-01,129.151198939304,18721960
"25-44y_nonPCV",2019-01-01,669.547005027445,18721960
"45-64y_PCV13add",2019-01-01,99.5891788130385,9804251
"45-64y_PCV7",2019-01-01,55.5087226171034,9804251
"45-64y_nonPCV",2019-01-01,421.213248094491,9804251
"5-14y_PCV13add",2019-01-01,15.9393415573191,10751526
"5-14y_PCV7",2019-01-01,15.9393415573191,10751526
"5-14y_nonPCV",2019-01-01,85.0098216390351,10751526
"<2y_PCV13add",2019-01-01,22.4074801602892,2225505
"<2y_PCV7",2019-01-01,42.5742123045494,2225505
"<2y_nonPCV",2019-01-01,230.797045650978,2225505
">=65y_PCV13add",2019-01-01,41.9518678574858,3419057.92
">=65y_PCV7",2019-01-01,23.9724959185633,3419057.92
">=65y_nonPCV",2019-01-01,136.343570536829,3419057.92
"pen_res",2005-01-01,1523,46989758.74
"pen_sus",2005-01-01,3363,46989758.74
"pen_res",2006-01-01,1548,47566710.64
"pen_sus",2006-01-01,3185,47566710.64
"pen_res",2007-01-01,2052,48297266.65
"pen_sus",2007-01-01,2691,48297266.65
"pen_res",2008-01-01,1857,49070102.15
"pen_sus",2008-01-01,2978,49070102.15
"pen_res",2009-01-01,2077,49860265.55
"pen_sus",2009-01-01,2685,49860265.55
"pen_res",2010-01-01,1759,50648751.4
"pen_sus",2010-01-01,2438,50648751.4
"pen_res",2011-01-01,1275,51462558.01
"pen_sus",2011-01-01,2529,51462558.01
"pen_res",2012-01-01,959,52248123.46
"pen_sus",2012-01-01,2264,52248123.46
"pen_res",2013-01-01,782,53051645.99
"pen_sus",2013-01-01,2084,53051645.99
"pen_res",2014-01-01,790,53864694.92
"pen_sus",2014-01-01,1942,53864694.92
"pen_res",2015-01-01,680,54674393.04
"pen_sus",2015-01-01,1958,54674393.04
"pen_res",2016-01-01,637,55475611.16
"pen_sus",2016-01-01,1796,55475611.16
"pen_res",2017-01-01,685,56205557.73
"pen_sus",2017-01-01,1755,56205557.73
"pen_res",2018-01-01,690,56934663.9
"pen_sus",2018-01-01,1623,56934663.9
"pen_res",2019-01-01,697,57686890.92
"pen_sus",2019-01-01,1655,57686890.92
"multi_res",2005-01-01,905,46989758.74
"multi_sus",2005-01-01,3981,46989758.74
"multi_res",2006-01-01,869,47566710.64
"multi_sus",2006-01-01,3864,47566710.64
"multi_res",2007-01-01,1014,48297266.65
"multi_sus",2007-01-01,3729,48297266.65
"multi_res",2008-01-01,944,49070102.15
"multi_sus",2008-01-01,3891,49070102.15
"multi_res",2009-01-01,1126,49860265.55
"multi_sus",2009-01-01,3636,49860265.55
"multi_res",2010-01-01,955,50648751.4
"multi_sus",2010-01-01,3242,50648751.4
"multi_res",2011-01-01,686,51462558.01
"multi_sus",2011-01-01,3118,51462558.01
"multi_res",2012-01-01,556,52248123.46
"multi_sus",2012-01-01,2667,52248123.46
"multi_res",2013-01-01,399,53051645.99
"multi_sus",2013-01-01,2467,53051645.99
"multi_res",2014-01-01,457,53864694.92
"multi_sus",2014-01-01,2275,53864694.92
"multi_res",2015-01-01,390,54674393.04
"multi_sus",2015-01-01,2248,54674393.04
"multi_res",2016-01-01,331,55475611.16
"multi_sus",2016-01-01,2102,55475611.16
"multi_res",2017-01-01,366,56205557.73
"multi_sus",2017-01-01,2074,56205557.73
"multi_res",2018-01-01,394,56934663.9
"multi_sus",2018-01-01,1919,56934663.9
"multi_res",2019-01-01,441,57686890.92
"multi_sus",2019-01-01,1911,57686890.92
